,_id,date,id,url,tweet_content,reply_count,retweet_count,language,source,like_count
0,63d2b0dbb976654802d63bd8,2023-01-26 15:39:23,1618634715166277638,https://twitter.com/lmjmerak/status/1618634715166277638,"as reuni√µes da tarde foram canceladas e eu n√£o sei se come√ßo a query da planilha q preciso entregar s√≥ m√™s q vem, se eu adianto uns treinamentos ou se eu chuto o balde e vou dormir

√© uma del√≠cia ser competente o suficiente pra j√° ter tudo entregue antes do prazo e poder escolher",0,0,pt,"<a href=""http://twitter.com/download/android"" rel=""nofollow"">Twitter for Android</a>",0
1,63d2b0dbb976654802d63bd9,2023-01-26 14:52:48,1618622992938061826,https://twitter.com/flaviolopes_ssa/status/1618622992938061826,"@barretodotcom @sseraphini A extens√£o pegava o ID do cupom, ia at√© a p√°gina da sefaz pra consulta dele. L√° ela pegava o seu status e gerava a query sql pro suporte inserir no banco e atualizar. Hoje eu provavelmente consumiria direto da API da sefaz, mas na √©poca foi um avan√ßo enorme pq eram mts cupons rs",1,0,pt,"<a href=""https://mobile.twitter.com"" rel=""nofollow"">Twitter Web App</a>",0
2,63d2b0dbb976654802d63bda,2023-01-26 14:14:33,1618613365185859585,https://twitter.com/marciopetry/status/1618613365185859585,"@TheBarbosaCarai @josiasdmartins @Tecnoblog - OpenAI coleta e armazens todas as ""queries"" sentenciadas pelos usu√°rios (t√° no contrato de uso da plataforma)

- Google ainda se preocupava com quest√µes morais e √©ticas em rela√ß√£o a ado√ß√£o da IA. Perigosamente isso come√ßou a mudar dentro da compania desde dezembro 2022.",1,0,pt,"<a href=""http://twitter.com/download/android"" rel=""nofollow"">Twitter for Android</a>",0
3,63d2b0dbb976654802d63bdb,2023-01-26 13:05:43,1618596043960242179,https://twitter.com/codearis/status/1618596043960242179,"@ffrdev e sanitizar a string antes de enviar pra query?

acredito que um string.replaceAll() seja de bom uso",0,0,pt,"<a href=""http://twitter.com/download/iphone"" rel=""nofollow"">Twitter for iPhone</a>",0
4,63d2b0dbb976654802d63bdc,2023-01-26 12:23:19,1618585371218182149,https://twitter.com/Layvil/status/1618585371218182149,"Gra√ßas ao ChatGPT eu consegui fazer a maldita query que eu tanto precisava, queria colocar aqui mas a miseravel √© t√£o grande que n√£o cabe",0,0,pt,"<a href=""https://mobile.twitter.com"" rel=""nofollow"">Twitter Web App</a>",0
5,63d2b0dbb976654802d63bdd,2023-01-26 12:06:06,1618581041001922561,https://twitter.com/pontemarilia/status/1618581041001922561,@simoesrenato @rponte Query e parameter tamb√©m s√£o campe√£s de mispronunciation entre devs. ü•∞,1,0,pt,"<a href=""http://twitter.com/download/iphone"" rel=""nofollow"">Twitter for iPhone</a>",1
6,63d2b0dbb976654802d63bde,2023-01-26 11:56:18,1618578572280737793,https://twitter.com/alanqcb/status/1618578572280737793,@Pablo_TheBot S√≥ voc√™ tem acesso a sua base de dados. Tirem suas conclus√µes.,0,0,pt,"<a href=""http://twitter.com/download/android"" rel=""nofollow"">Twitter for Android</a>",2
7,63d2b0dbb976654802d63bdf,2023-01-26 11:49:09,1618576773398302720,https://twitter.com/vitorrubio/status/1618576773398302720,"@tcarvalho87 select * from A  ‚Äîtudo que tem em A
union
select A.* from B LEFT JOIN A on ‚Ä¶.
where https://t.co/QBF56RVlFu is null

n√£o tem query q vc n√£o possa reescrever com LEFT JOIN",0,0,pt,"<a href=""http://twitter.com/download/iphone"" rel=""nofollow"">Twitter for iPhone</a>",0
8,63d2b0dbb976654802d63be0,2023-01-26 11:40:36,1618574623062523904,https://twitter.com/JesusQuery/status/1618574623062523904,"@PensadorNordest @marianaferrerw @NetflixBrasil Se comparar com o caso do jogador de futebol da Espanha, estamos vivendo em um feudo que chamam de pa√≠s.
A mo√ßa sofreu o que sofreu e ainda foi humilhada no tribunal, o pa√≠s todo viu, e segue o jogo como se nada tivesse acontecido.",0,0,pt,"<a href=""http://twitter.com/download/android"" rel=""nofollow"">Twitter for Android</a>",3
9,63d2b0dbb976654802d63be1,2023-01-26 11:08:02,1618566428214558720,https://twitter.com/1rafabarba/status/1618566428214558720,"@fabriciorby @ffrdev Eu j√° cometi esse erro, sou j√∫nior e no meu primeiro projeto web eu se quer sabia que isso existia, colocava as vari√°veis tudo chapada na query. s√≥ descobri pq pedi que um cara mais experiente criticasse o c√≥digo e ele me deu esse toque.",1,0,pt,"<a href=""http://twitter.com/download/android"" rel=""nofollow"">Twitter for Android</a>",1
